{"cameraMode":{"drawMode":0,"name":"Shaded","section":"Shading Mode"},"sceneLighting":false,"audioPlay":false,"sceneViewState":{"m_AlwaysRefresh":false,"showFog":true,"showSkybox":false,"showFlares":true,"showImageEffects":true,"showParticleSystems":true,"showVisualEffectGraphs":true,"m_FxEnabled":true},"in2DMode":false,"pivot":{"x":2.0688705444335939,"y":0.09315216541290283,"z":-2.63502836227417},"rotation":{"x":-0.05368995666503906,"y":0.9463602900505066,"z":-0.22914721071720124,"w":-0.22145044803619386},"size":2.1650636196136476,"orthographic":false}