{"cameraMode":{"drawMode":0,"name":"Shaded","section":"Shading Mode"},"sceneLighting":false,"audioPlay":false,"sceneViewState":{"m_AlwaysRefresh":false,"showFog":true,"showSkybox":false,"showFlares":true,"showImageEffects":true,"showParticleSystems":true,"showVisualEffectGraphs":true,"m_FxEnabled":true},"in2DMode":false,"pivot":{"x":0.04880785942077637,"y":0.13102400302886964,"z":-0.6999939680099487},"rotation":{"x":-0.16090916097164155,"y":0.7675257325172424,"z":-0.21161875128746034,"w":-0.5833144187927246},"size":1.2792850732803345,"orthographic":false}